﻿<?xml version="1.0" encoding="utf-8"?>
<extension type="plugin" group="system" method="upgrade">
	<name>System - Securitycheck Spam Protection</name>
	<author>José A. Luque </author>
	<creationDate>29-05-2024</creationDate>
	<copyright>Copyright (C) Securitycheck Extensions</copyright>
	<license>GNU/GPL v2 or later http://www.gnu.org/licenses/gpl-2.0.html</license>
	<authorEmail>contacto@protegetuordenador.com</authorEmail>
	<authorUrl>securitycheck.protegetuordenador.com</authorUrl>
	<version>2.0.3</version>
	<description>Plugin to fight against spam.</description>
	<namespace path="src">Joomla\Plugin\System\Securitycheck_spam_protection</namespace>
	
	<files>
		<folder plugin="securitycheck_spam_protection">services</folder>
		<folder>src</folder>

		<filename>.htaccess</filename>
		<filename>web.config</filename>		
	</files>
		
	<!-- Runs on install/uninstall/update; -->
	<scriptfile>install.php</scriptfile>
	
	<languages folder="language">
		<language tag="en-GB">en-GB.plg_system_securitycheck_spam_protection.ini</language>
		<language tag="en-GB">en-GB.plg_system_securitycheck_spam_protection.sys.ini</language>
		<language tag="es-ES">es-ES.plg_system_securitycheck_spam_protection.ini</language>
		<language tag="es-ES">es-ES.plg_system_securitycheck_spam_protection.sys.ini</language>
		<language tag="pt-BR">pt-BR.plg_system_securitycheck_spam_protection.ini</language>
		<language tag="pt-BR">pt-BR.plg_system_securitycheck_spam_protection.sys.ini</language>
		<language tag="fr-FR">fr-FR.plg_system_securitycheck_spam_protection.ini</language>
		<language tag="fr-FR">fr-FR.plg_system_securitycheck_spam_protection.sys.ini</language>
		<language tag="sl-SI">sl-SI.plg_system_securitycheck_spam_protection.ini</language>
		<language tag="sl-SI">sl-SI.plg_system_securitycheck_spam_protection.sys.ini</language>
		<language tag="nl-NL">nl-NL.plg_system_securitycheck_spam_protection.ini</language>
		<language tag="nl-NL">nl-NL.plg_system_securitycheck_spam_protection.sys.ini</language>
		<language tag="ja-JP">ja-JP.plg_system_securitycheck_spam_protection.ini</language>
		<language tag="ja-JP">ja-JP.plg_system_securitycheck_spam_protection.sys.ini</language>
		<language tag="en-US">en-US.plg_system_securitycheck_spam_protection.ini</language>
		<language tag="en-US">en-US.plg_system_securitycheck_spam_protection.sys.ini</language>
		<language tag="it-IT">it-IT.plg_system_securitycheck_spam_protection.ini</language>
		<language tag="it-IT">it-IT.plg_system_securitycheck_spam_protection.sys.ini</language>
		<language tag="ca-ES">ca-ES.plg_system_securitycheck_spam_protection.ini</language>
		<language tag="ca-ES">ca-ES.plg_system_securitycheck_spam_protection.sys.ini</language>
		<language tag="de-DE">de-DE.plg_system_securitycheck_spam_protection.ini</language>
		<language tag="de-DE">de-DE.plg_system_securitycheck_spam_protection.sys.ini</language>
		<language tag="ru-RU">ru-RU.plg_system_securitycheck_spam_protection.ini</language>
		<language tag="ru-RU">ru-RU.plg_system_securitycheck_spam_protection.sys.ini</language>
		<language tag="pl-PL">pl-PL.plg_system_securitycheck_spam_protection.ini</language>
		<language tag="pl-PL">pl-PL.plg_system_securitycheck_spam_protection.sys.ini</language>
		<language tag="hr-HR">hr-HR.plg_system_securitycheck_spam_protection.ini</language>
		<language tag="hr-HR">hr-HR.plg_system_securitycheck_spam_protection.sys.ini</language>
		<language tag="bs-BA">bs-BA.plg_system_securitycheck_spam_protection.ini</language>
		<language tag="bs-BA">bs-BA.plg_system_securitycheck_spam_protection.sys.ini</language>
		<language tag="pt-PT">pt-PT.plg_system_securitycheck_spam_protection.ini</language>
		<language tag="pt-PT">pt-PT.plg_system_securitycheck_spam_protection.sys.ini</language>
		<language tag="hu-HU">hu-HU.plg_system_securitycheck_spam_protection.ini</language>
		<language tag="hu-HU">hu-HU.plg_system_securitycheck_spam_protection.sys.ini</language>
		<language tag="ro-RO">ro-RO.plg_system_securitycheck_spam_protection.ini</language>
		<language tag="ro-RO">ro-RO.plg_system_securitycheck_spam_protection.sys.ini</language>
		<language tag="ua-UA">ua-UA.plg_system_securitycheck_spam_protection.ini</language>
		<language tag="ua-UA">ua-UA.plg_system_securitycheck_spam_protection.sys.ini</language>
		<language tag="af-ZA">af-ZA.plg_system_securitycheck_spam_protection.ini</language>
		<language tag="af-ZA">af-ZA.plg_system_securitycheck_spam_protection.sys.ini</language>
	</languages>
	
	<changelogurl>https://securitycheck.protegetuordenador.com/update/updates_securitycheckpro_spam_protection_changelog.xml</changelogurl>
		
	<updateservers>
		<server type="extension" priority="1" name="Securitycheck Extensions Site"><![CDATA[https://securitycheck.protegetuordenador.com/update/updates_securitycheck_spam_protection.xml]]></server>
	</updateservers>
</extension>